SUMLEV,MUNICIPIO,72001,NAME,NAME,YEAR,POPESTIMATE,POPEST_MALE,POPEST_FEM,UNDER5_TOT,UNDER5_MALE,UNDER5_FEM,AGE513_TOT,AGE513_MALE,AGE513_FEM,AGE1417_TOT,AGE1417_MALE,AGE1417_FEM,AGE1824_TOT,AGE1824_MALE,AGE1824_FEM,AGE16PLUS_TOT,AGE16PLUS_MALE,AGE16PLUS_FEM,AGE18PLUS_TOT,AGE18PLUS_MALE,AGE18PLUS_FEM,AGE1544_TOT,AGE1544_MALE,AGE1544_FEM,AGE2544_TOT,AGE2544_MALE,AGE2544_FEM,AGE4564_TOT,AGE4564_MALE,AGE4564_FEM,AGE65PLUS_TOT,AGE65PLUS_MALE,AGE65PLUS_FEM,AGE04_TOT,AGE04_MALE,AGE04_FEM,AGE59_TOT,AGE59_MALE,AGE59_FEM,AGE1014_TOT,AGE1014_MALE,AGE1014_FEM,AGE1519_TOT,AGE1519_MALE,AGE1519_FEM,AGE2024_TOT,AGE2024_MALE,AGE2024_FEM,AGE2529_TOT,AGE2529_MALE,AGE2529_FEM,AGE3034_TOT,AGE3034_MALE,AGE3034_FEM,AGE3539_TOT,AGE3539_MALE,AGE3539_FEM,AGE4044_TOT,AGE4044_MALE,AGE4044_FEM,AGE4549_TOT,AGE4549_MALE,AGE4549_FEM,AGE5054_TOT,AGE5054_MALE,AGE5054_FEM,AGE5559_TOT,AGE5559_MALE,AGE5559_FEM,AGE6064_TOT,AGE6064_MALE,AGE6064_FEM,AGE6569_TOT,AGE6569_MALE,AGE6569_FEM,AGE7074_TOT,AGE7074_MALE,AGE7074_FEM,AGE7579_TOT,AGE7579_MALE,AGE7579_FEM,AGE8084_TOT,AGE8084_MALE,AGE8084_FEM,AGE85PLUS_TOT,AGE85PLUS_MALE,AGE85PLUS_FEM,MEDIAN_AGE_TOT,MEDIAN_AGE_MALE,MEDIAN_AGE_FEM
50,1,72001,Puerto Rico,Adjuntas Municipio,12,17363,8471,8892,639,320,319,1816,908,908,836,425,411,1537,776,761,14486,7032,7454,14072,6818,7254,6354,3138,3216,4204,2051,2153,4786,2319,2467,3545,1672,1873,639,320,319,934,468,466,1105,554,551,1074,551,523,1076,536,540,1127,587,540,977,475,502,1051,499,552,1049,490,559,1026,500,526,1222,588,634,1321,645,676,1217,586,631,1073,524,549,944,472,472,658,314,344,444,202,242,426,160,266,43.3,42.5,44
50,3,72003,Puerto Rico,Aguada Municipio,12,36694,17946,18748,1233,640,593,3247,1616,1631,1634,828,806,3296,1684,1612,31388,15275,16113,30580,14862,15718,13580,6843,6737,9069,4553,4516,10787,5137,5650,7428,3488,3940,1233,640,593,1695,846,849,1971,992,979,2141,1089,1052,2370,1201,1169,2419,1244,1175,2164,1079,1085,2169,1081,1088,2317,1149,1168,2267,1123,1144,2738,1275,1463,2924,1395,1529,2858,1344,1514,2426,1169,1257,1952,940,1012,1422,676,746,858,414,444,770,289,481,44.7,43.4,46
50,5,72005,Puerto Rico,Aguadilla Municipio,12,50265,24278,25987,1819,920,899,4795,2477,2318,2544,1390,1154,4727,2523,2204,42414,20210,22204,41107,19491,21616,18696,9430,9266,12064,5861,6203,13031,5952,7079,11285,5155,6130,1819,920,899,2473,1301,1172,2961,1520,1441,3316,1790,1526,3316,1779,1537,3208,1642,1566,2813,1355,1458,2966,1420,1546,3077,1444,1633,3149,1503,1646,3212,1427,1785,3299,1517,1782,3371,1505,1866,3163,1466,1697,3095,1431,1664,2295,1064,1231,1445,651,794,1287,543,744,43.7,41.5,45.7
50,7,72007,Puerto Rico,Aguas Buenas Municipio,12,24814,11985,12829,824,415,409,2334,1179,1155,1282,661,621,2353,1235,1118,21005,10056,10949,20374,9730,10644,9551,4812,4739,6270,3097,3173,6581,3067,3514,5170,2331,2839,824,415,409,1171,582,589,1517,778,739,1618,834,784,1663,881,782,1649,831,818,1433,692,741,1508,732,776,1680,842,838,1525,685,840,1646,774,872,1792,834,958,1618,774,844,1488,684,804,1362,639,723,974,418,556,683,327,356,663,263,400,43,41.5,44.6
50,9,72009,Puerto Rico,Aibonito Municipio,12,22108,10595,11513,863,452,411,2052,1031,1021,1027,530,497,1853,956,897,18666,8835,9831,18166,8582,9584,7820,3875,3945,5211,2533,2678,6261,2974,3287,4841,2119,2722,863,452,411,1084,554,530,1239,621,618,1284,664,620,1325,678,647,1435,699,736,1334,667,667,1215,587,628,1227,580,647,1287,633,654,1487,719,768,1782,808,974,1705,814,891,1465,655,810,1281,586,695,921,410,511,561,234,327,613,234,379,45.2,43.2,47.2
50,11,72011,Puerto Rico,Añasco Municipio,12,26161,12636,13525,814,414,400,2423,1240,1183,1169,621,548,2422,1277,1145,22337,10659,11678,21755,10361,11394,9731,4913,4818,6448,3187,3261,7308,3410,3898,5577,2487,3090,814,414,400,1251,615,636,1480,797,683,1536,817,719,1747,909,838,1766,901,865,1451,728,723,1527,740,787,1704,818,886,1764,846,918,1957,905,1052,1835,856,979,1752,803,949,1567,736,831,1541,706,835,1093,472,621,775,358,417,601,215,386,44.4,42.4,46.4
50,13,72013,Puerto Rico,Arecibo Municipio,12,81966,39021,42945,3024,1565,1459,7426,3777,3649,3879,2021,1858,7711,4031,3680,69669,32748,36921,67637,31658,35979,30447,15200,15247,19786,9616,10170,21783,10136,11647,18357,7875,10482,3024,1565,1459,3956,2005,1951,4399,2240,2159,5150,2732,2418,5511,2852,2659,5660,2924,2736,4550,2243,2307,4490,2100,2390,5086,2349,2737,5363,2512,2851,5695,2682,3013,5629,2612,3017,5096,2330,2766,4773,2127,2646,4873,2112,2761,3628,1584,2044,2614,1085,1529,2469,967,1502,44.2,42,46.2
50,15,72015,Puerto Rico,Arroyo Municipio,12,17238,7946,9292,644,343,301,1907,930,977,928,467,461,1527,736,791,14225,6442,7783,13759,6206,7553,6605,3062,3543,4375,1973,2402,4349,1929,2420,3508,1568,1940,644,343,301,956,457,499,1176,587,589,1162,587,575,1068,502,566,1162,541,621,971,443,528,1096,477,619,1146,512,634,1155,506,649,1054,474,580,1069,465,604,1071,484,587,1068,487,581,972,434,538,714,319,395,416,198,218,338,130,208,41.8,40.5,42.7
50,17,72017,Puerto Rico,Barceloneta Municipio,12,23727,11216,12511,917,467,450,2300,1172,1128,1183,596,587,2268,1117,1151,19932,9283,10649,19327,8981,10346,9572,4533,5039,6416,2976,3440,5871,2749,3122,4772,2139,2633,917,467,450,1260,647,613,1335,681,654,1546,781,765,1610,776,834,1815,856,959,1394,644,750,1486,702,784,1721,774,947,1649,769,880,1553,724,829,1378,636,742,1291,620,671,1228,560,668,1334,607,727,966,449,517,614,271,343,630,252,378,41.4,40.3,42.3
50,19,72019,Puerto Rico,Barranquitas Municipio,12,27725,13658,14067,1322,674,648,3087,1586,1501,1450,740,710,2862,1520,1342,22570,11015,11555,21866,10658,11208,11063,5626,5437,7140,3563,3577,7210,3479,3731,4654,2096,2558,1322,674,648,1682,873,809,1794,910,884,1843,953,890,2080,1110,970,2032,1023,1009,1829,922,907,1692,862,830,1587,756,831,1521,732,789,1882,878,1004,2011,985,1026,1796,884,912,1448,697,751,1227,588,639,826,359,467,606,265,341,547,187,360,38.8,37.1,40.5
50,21,72021,Puerto Rico,Bayamón Municipio,12,169269,79430,89839,6250,3197,3053,14639,7507,7132,7627,3901,3726,16031,8481,7550,144647,66789,77858,140753,64825,75928,65142,32873,32269,43383,21480,21903,43175,19335,23840,38164,15529,22635,6250,3197,3053,7805,3943,3862,8733,4553,4180,10106,5196,4910,11653,6197,5456,12814,6866,5948,10562,5204,5358,10161,4808,5353,9846,4602,5244,9908,4620,5288,10554,4868,5686,11800,5154,6646,10913,4693,6220,9644,4028,5616,8998,3820,5178,7527,3095,4432,6065,2462,3603,5930,2124,3806,43.3,39.8,46.5
50,23,72023,Puerto Rico,Cabo Rojo Municipio,12,47515,22454,25061,1425,718,707,4373,2189,2184,2158,1085,1073,4317,2172,2145,40623,18986,21637,39559,18462,21097,17071,8215,8856,11148,5249,5899,12800,6064,6736,11294,4977,6317,1425,718,707,2160,1037,1123,2765,1443,1322,2835,1408,1427,3088,1558,1530,3047,1430,1617,2447,1161,1286,2580,1204,1376,3074,1454,1620,3544,1671,1873,3407,1670,1737,3002,1385,1617,2847,1338,1509,2921,1319,1602,2913,1339,1574,2280,1051,1229,1595,682,913,1585,586,999,45.5,44.4,46.4
50,25,72025,Puerto Rico,Caguas Municipio,12,124606,57777,66829,4307,2151,2156,11651,5926,5725,6144,3105,3039,11605,5867,5738,105626,48177,57449,102504,46595,55909,48034,23205,24829,31763,14986,16777,33039,15081,17958,26097,10661,15436,4307,2151,2156,6046,3072,2974,7083,3607,3476,8063,4090,3973,8208,4129,4079,8666,4177,4489,7379,3475,3904,7675,3569,4106,8043,3765,4278,8317,3949,4368,8413,3914,4499,8508,3782,4726,7801,3436,4365,7103,3119,3984,6542,2759,3783,5058,2062,2996,3783,1519,2264,3611,1202,2409,43.1,40.8,45
50,27,72027,Puerto Rico,Camuy Municipio,12,30504,14532,15972,1084,521,563,2783,1345,1438,1420,750,670,2869,1449,1420,25916,12292,13624,25217,11916,13301,11443,5671,5772,7526,3661,3865,8471,3938,4533,6351,2868,3483,1084,521,563,1470,703,767,1685,831,854,1847,960,887,2070,1050,1020,2114,1032,1082,1687,848,839,1742,843,899,1983,938,1045,2079,1007,1072,2204,1009,1195,2171,974,1197,2017,948,1069,1878,867,1011,1792,845,947,1276,587,689,746,327,419,659,242,417,43.9,42.6,45.2
50,29,72029,Puerto Rico,Canóvanas Municipio,12,44674,21461,23213,1668,924,744,4675,2436,2239,2215,1146,1069,4188,2317,1871,37209,17529,19680,36116,16955,19161,17537,8646,8891,11700,5462,6238,12300,5646,6654,7928,3530,4398,1668,924,744,2476,1299,1177,2765,1416,1349,2852,1507,1345,2985,1677,1308,3163,1680,1483,2657,1267,1390,2699,1166,1533,3181,1349,1832,3273,1516,1757,3291,1515,1776,3069,1399,1670,2667,1216,1451,2280,1011,1269,2152,967,1185,1574,745,829,918,439,479,1004,368,636,41.8,39.2,43.5
50,31,72031,Puerto Rico,Carolina Municipio,12,146984,67011,79973,5143,2567,2576,13054,6503,6551,6796,3449,3347,13918,6931,6987,125485,56274,69211,121991,54492,67499,55536,26770,28766,36464,17209,19255,37591,16788,20803,34018,13564,20454,5143,2567,2576,6869,3385,3484,7827,3937,3890,9150,4627,4523,9922,4934,4988,10512,5076,5436,8088,3884,4204,8608,4032,4576,9256,4217,5039,9472,4353,5119,9867,4518,5349,9733,4314,5419,8519,3603,4916,8373,3456,4917,8511,3428,5083,6976,2786,4190,5016,2055,2961,5142,1839,3303,44,41.2,46.3
50,33,72033,Puerto Rico,Cataño Municipio,12,23121,10896,12225,859,428,431,2307,1219,1088,1148,558,590,2176,1071,1105,19383,8968,10415,18807,8691,10116,8890,4319,4571,5844,2827,3017,5909,2713,3196,4878,2080,2798,859,428,431,1240,659,581,1345,697,648,1503,742,761,1543,750,793,1584,774,810,1509,729,780,1431,692,739,1320,632,688,1260,624,636,1393,630,763,1648,737,911,1608,722,886,1405,634,771,1190,529,661,813,334,479,646,289,357,824,294,530,42,39.8,44.2
50,35,72035,Puerto Rico,Cayey Municipio,12,42409,20311,22098,1520,747,773,3770,1825,1945,2055,1062,993,3944,1992,1952,36133,17224,18909,35064,16677,18387,15878,7708,8170,10391,4929,5462,11593,5535,6058,9136,4221,4915,1520,747,773,1957,960,997,2325,1140,1185,2705,1365,1340,2782,1414,1368,2858,1419,1439,2463,1144,1319,2501,1174,1327,2569,1192,1377,2717,1330,1387,2945,1373,1572,3101,1509,1592,2830,1323,1507,2672,1276,1396,2462,1152,1310,1764,823,941,1136,551,585,1102,419,683,44,43.3,44.7
50,37,72037,Puerto Rico,Ceiba Municipio,12,10904,5084,5820,353,180,173,978,483,495,495,261,234,1052,550,502,9323,4286,5037,9078,4160,4918,3987,1931,2056,2573,1192,1381,2782,1241,1541,2671,1177,1494,353,180,173,538,265,273,573,290,283,663,340,323,751,399,352,765,364,401,613,278,335,563,267,296,632,283,349,743,335,408,756,342,414,670,302,368,613,262,351,615,255,360,747,330,417,548,248,300,368,164,204,393,180,213,45,42.8,46.6
50,39,72039,Puerto Rico,Ciales Municipio,12,15808,7658,8150,622,306,316,1575,760,815,708,343,365,1341,666,675,13243,6415,6828,12903,6249,6654,5636,2763,2873,3767,1836,1931,4434,2128,2306,3361,1619,1742,622,306,316,858,406,452,897,436,461,916,456,460,953,471,482,1047,510,537,934,448,486,916,446,470,870,432,438,888,416,472,1058,536,522,1199,553,646,1289,623,666,981,485,496,909,470,439,600,296,304,406,193,213,465,175,290,44.4,44.1,44.7
50,41,72041,Puerto Rico,Cidra Municipio,12,38307,18493,19814,1525,780,745,3796,1926,1870,1883,939,944,3546,1821,1725,32045,15305,16740,31103,14848,16255,14686,7207,7479,9745,4697,5048,10723,5072,5651,7089,3258,3831,1525,780,745,2019,1014,1005,2265,1162,1103,2403,1208,1195,2538,1302,1236,2569,1269,1300,2314,1137,1177,2398,1133,1265,2464,1158,1306,2517,1151,1366,2616,1274,1342,2895,1322,1573,2695,1325,1370,2309,1123,1186,1965,942,1023,1343,591,752,752,310,442,720,292,428,42.3,41.1,43.4
50,43,72043,Puerto Rico,Coamo Municipio,12,38336,18599,19737,1360,726,634,4004,2030,1974,1736,904,832,3004,1541,1463,32066,15369,16697,31236,14939,16297,14060,6809,7251,9807,4615,5192,11311,5442,5869,7114,3341,3773,1360,726,634,2009,1040,969,2482,1241,1241,2126,1113,1013,2127,1081,1046,2263,1148,1115,2283,1064,1219,2591,1158,1433,2670,1245,1425,2806,1329,1477,2727,1342,1385,2809,1350,1459,2969,1421,1548,2398,1200,1198,2039,984,1055,1179,516,663,769,332,437,729,309,420,43.6,42.9,44.2
50,45,72045,Puerto Rico,Comerío Municipio,12,18648,9195,9453,696,353,343,1934,996,938,906,472,434,1751,894,857,15575,7622,7953,15112,7374,7738,7341,3777,3564,4911,2525,2386,4887,2342,2545,3563,1613,1950,696,353,343,984,519,465,1177,591,586,1162,611,551,1268,641,627,1368,715,653,1181,613,568,1256,626,630,1106,571,535,1064,508,556,1217,602,615,1379,663,716,1227,569,658,1060,494,566,941,444,497,699,303,396,436,214,222,427,158,269,41,39.5,42.9
50,47,72047,Puerto Rico,Corozal Municipio,12,32293,15627,16666,1311,682,629,3427,1741,1686,1599,844,755,3042,1543,1499,26737,12769,13968,25956,12360,13596,12436,6139,6297,8225,3990,4235,8535,4043,4492,6154,2784,3370,1311,682,629,1790,927,863,2067,1052,1015,2031,1017,1014,2180,1132,1048,2267,1121,1146,1970,976,994,2008,953,1055,1980,940,1040,1924,939,985,2154,1015,1139,2329,1082,1247,2128,1007,1121,1851,848,1003,1585,740,845,1176,575,601,780,346,434,762,275,487,41.3,39.8,42.7
50,49,72049,Puerto Rico,Culebra Municipio,12,1714,846,868,67,41,26,165,72,93,71,34,37,126,57,69,1453,717,736,1411,699,712,616,297,319,433,214,219,461,232,229,391,196,195,67,41,26,95,45,50,84,35,49,90,38,52,93,45,48,124,59,65,86,46,40,112,58,54,111,51,60,105,52,53,114,58,56,129,70,59,113,52,61,121,62,59,105,53,52,70,36,34,46,24,22,49,21,28,44.8,45.4,44.3
50,51,72051,Puerto Rico,Dorado Municipio,12,36141,17147,18994,1376,694,682,3820,1892,1928,1993,985,1008,3414,1748,1666,29952,14092,15860,28952,13576,15376,14098,6816,7282,9185,4317,4868,9823,4639,5184,6530,2872,3658,1376,694,682,1955,983,972,2359,1143,1216,2585,1323,1262,2328,1176,1152,2220,1054,1166,1897,915,982,2347,1088,1259,2721,1260,1461,2882,1372,1510,2545,1234,1311,2295,1099,1196,2101,934,1167,1941,879,1062,1845,820,1025,1242,565,677,783,330,453,719,278,441,42,40.8,42.8
50,53,72053,Puerto Rico,Fajardo Municipio,12,29454,13711,15743,1172,601,571,2887,1434,1453,1372,726,646,2807,1410,1397,24721,11311,13410,24023,10950,13073,10862,5241,5621,7023,3285,3738,7546,3414,4132,6647,2841,3806,1172,601,571,1570,772,798,1657,842,815,1784,918,866,2055,1038,1017,2195,1062,1133,1615,772,843,1498,681,817,1715,770,945,2058,936,1122,2030,961,1069,1812,803,1009,1646,714,932,1505,654,851,1743,771,972,1391,635,756,988,413,575,1020,368,652,43.6,41.2,45.3
50,54,72054,Puerto Rico,Florida Municipio,12,11317,5365,5952,462,240,222,1154,575,579,552,272,280,1137,600,537,9432,4420,5012,9149,4278,4871,4471,2159,2312,2915,1356,1559,2934,1345,1589,2163,977,1186,462,240,222,626,305,321,661,339,322,730,378,352,826,425,401,834,384,450,681,318,363,640,312,328,760,342,418,740,356,384,782,356,426,694,302,392,718,331,387,693,310,383,581,266,315,420,194,226,260,125,135,209,82,127,41.3,39.8,42.5
50,55,72055,Puerto Rico,Guánica Municipio,12,15383,7388,7995,651,327,324,1554,788,766,717,378,339,1313,656,657,12823,6094,6729,12461,5895,6566,5439,2646,2793,3589,1703,1886,3715,1728,1987,3844,1808,2036,651,327,324,848,428,420,886,451,435,893,466,427,957,477,480,967,465,502,789,365,424,857,407,450,976,466,510,925,421,504,924,456,468,900,384,516,966,467,499,1085,519,566,1089,546,543,743,338,405,467,209,258,460,196,264,44.3,43.2,45.3
50,57,72057,Puerto Rico,Guayama Municipio,12,39465,19501,19964,1432,713,719,3892,1978,1914,2052,1041,1011,4120,2330,1790,33130,16294,16836,32089,15769,16320,16108,8551,7557,10424,5429,4995,10015,4687,5328,7530,3323,4207,1432,713,719,1983,998,985,2397,1229,1168,2683,1407,1276,3001,1715,1286,3102,1841,1261,2553,1342,1211,2360,1086,1274,2409,1160,1249,2573,1229,1344,2453,1142,1311,2485,1167,1318,2504,1149,1355,2188,970,1218,2044,928,1116,1453,683,770,933,390,543,912,352,560,40.5,37.4,43.2
50,59,72059,Puerto Rico,Guayanilla Municipio,12,17623,8350,9273,697,328,369,1806,868,938,903,470,433,1602,794,808,14679,6925,7754,14217,6684,7533,6516,3191,3325,4238,2044,2194,4550,2130,2420,3827,1716,2111,697,328,369,937,445,492,1096,540,556,1130,590,540,1148,557,591,1083,524,559,1060,496,564,1030,502,528,1065,522,543,1127,548,579,1111,492,619,1111,502,609,1201,588,613,1139,530,609,1050,460,590,735,356,379,478,220,258,425,150,275,42.9,41.9,44
50,61,72061,Puerto Rico,Guaynabo Municipio,12,83728,39359,44369,2774,1429,1345,6556,3348,3208,3508,1779,1729,7167,3818,3349,72676,33705,38971,70890,32803,38087,30926,15793,15133,21101,10621,10480,23282,10418,12864,19340,7946,11394,2774,1429,1345,3439,1757,1682,3967,2016,1951,4590,2352,2238,5235,2820,2415,5938,3086,2852,4954,2596,2358,5213,2504,2709,4996,2435,2561,5237,2452,2785,5708,2581,3127,6178,2670,3508,6159,2715,3444,5394,2380,3014,4612,1999,2613,3678,1496,2182,2756,1111,1645,2900,960,1940,45.8,42.3,48.9
50,63,72063,Puerto Rico,Gurabo Municipio,12,47093,22186,24907,1548,806,742,4809,2441,2368,2454,1196,1258,4537,2231,2306,39523,18343,21180,38282,17743,20539,19538,9238,10300,13158,6121,7037,12786,5905,6881,7801,3486,4315,1548,806,742,2401,1206,1195,3019,1545,1474,3143,1537,1606,3237,1580,1657,3398,1576,1822,2888,1363,1525,3251,1502,1749,3621,1680,1941,3539,1702,1837,3378,1552,1826,3158,1431,1727,2711,1220,1491,2358,1073,1285,2031,945,1086,1515,675,840,1017,435,582,880,358,522,41,39.9,41.8
50,65,72065,Puerto Rico,Hatillo Municipio,12,39218,18785,20433,1222,591,631,3706,1926,1780,1786,911,875,3416,1751,1665,33396,15807,17589,32504,15357,17147,14793,7258,7535,10046,4840,5206,10752,5048,5704,8290,3718,4572,1222,591,631,1874,958,916,2287,1212,1075,2301,1185,1116,2446,1233,1213,2645,1325,1320,2354,1133,1221,2489,1152,1337,2558,1230,1328,2658,1264,1394,2795,1310,1485,2750,1263,1487,2549,1211,1338,2353,1072,1281,2299,1067,1232,1692,785,907,1055,476,579,891,318,573,44,42.4,45.2
50,67,72067,Puerto Rico,Hormigueros Municipio,12,15518,7122,8396,425,220,205,1267,634,633,690,345,345,1340,690,650,13494,6106,7388,13136,5923,7213,5173,2534,2639,3310,1586,1724,4039,1787,2252,4447,1860,2587,425,220,205,647,334,313,787,387,400,935,469,466,928,479,449,838,403,435,722,365,357,792,378,414,958,440,518,1072,488,584,1003,420,583,974,441,533,990,438,552,1005,448,557,1146,504,642,902,370,532,711,267,444,683,271,412,48.5,46.1,50.5
50,69,72069,Puerto Rico,Humacao Municipio,12,50653,23852,26801,1836,929,907,4585,2314,2271,2402,1201,1201,4515,2238,2277,43047,20037,23010,41830,19408,22422,18205,8834,9371,11882,5691,6191,13655,6251,7404,11778,5228,6550,1836,929,907,2402,1221,1181,2777,1389,1388,3183,1638,1545,3140,1505,1635,3073,1447,1626,2708,1313,1395,2874,1380,1494,3227,1551,1676,3396,1595,1801,3339,1562,1777,3452,1548,1904,3468,1546,1922,3476,1590,1886,3171,1421,1750,2228,1016,1212,1480,683,797,1423,518,905,45.2,43.5,46.5
50,71,72071,Puerto Rico,Isabela Municipio,12,40423,19659,20764,1323,670,653,3737,1908,1829,1892,1037,855,3671,1883,1788,34426,16571,17855,33471,16044,17427,15336,7779,7557,10226,5108,5118,11218,5278,5940,8356,3775,4581,1323,670,653,1870,961,909,2320,1196,1124,2485,1328,1157,2625,1343,1282,2790,1472,1318,2306,1116,1190,2460,1193,1267,2670,1327,1343,2868,1388,1480,2806,1307,1499,2870,1347,1523,2674,1236,1438,2352,1084,1268,2244,1071,1173,1647,761,886,1056,464,592,1057,395,662,43.8,42,45.5
50,73,72073,Puerto Rico,Jayuya Municipio,12,13891,6890,7001,625,327,298,1541,788,753,718,372,346,1317,721,596,11373,5593,5780,11007,5403,5604,5516,2854,2662,3658,1850,1808,3582,1688,1894,2450,1144,1306,625,327,298,810,423,387,908,454,454,913,488,425,945,516,429,1027,543,484,876,426,450,872,428,444,883,453,430,834,382,452,915,417,498,904,423,481,929,466,463,813,403,410,655,314,341,456,204,252,242,107,135,284,116,168,39.8,38.4,41.3
50,75,72075,Puerto Rico,Juana Díaz Municipio,12,44679,21170,23509,1873,990,883,4789,2415,2374,2324,1133,1191,4277,2173,2104,36871,17190,19681,35693,16632,19061,17278,8203,9075,11268,5198,6070,11856,5514,6342,8292,3747,4545,1873,990,883,2552,1275,1277,2828,1441,1387,2927,1443,1484,3083,1562,1521,3209,1541,1668,2562,1219,1343,2576,1101,1475,2921,1337,1584,2955,1387,1568,3015,1372,1643,3077,1429,1648,2809,1326,1483,2372,1139,1233,2300,1071,1229,1574,721,853,1058,436,622,988,380,608,41.2,40,42.2
50,77,72077,Puerto Rico,Juncos Municipio,12,38155,18145,20010,1573,799,774,3943,2000,1943,2054,1010,1044,3748,1873,1875,31611,14834,16777,30585,14336,16249,16038,7680,8358,10742,5049,5693,9732,4479,5253,6363,2935,3428,1573,799,774,2009,1023,986,2440,1229,1211,2576,1289,1287,2720,1342,1378,2900,1396,1504,2390,1115,1275,2585,1167,1418,2867,1371,1496,2799,1319,1480,2467,1159,1308,2307,1011,1296,2159,990,1169,1923,915,1008,1654,766,888,1275,587,688,751,348,403,760,319,441,39.8,38.9,40.6
50,79,72079,Puerto Rico,Lajas Municipio,12,22010,10682,11328,768,405,363,1970,1029,941,930,458,472,1929,1018,911,18816,9033,9783,18342,8790,9552,7599,3909,3690,4963,2533,2430,5915,2790,3125,5535,2449,3086,768,405,363,1007,523,484,1186,606,580,1259,655,604,1377,721,656,1469,796,673,1124,577,547,1101,538,563,1269,622,647,1436,700,736,1495,696,799,1435,687,748,1549,707,842,1463,665,798,1498,700,798,1126,484,642,757,321,436,691,279,412,46.6,44.2,48.8
50,81,72081,Puerto Rico,Lares Municipio,12,24276,11929,12347,928,488,440,2241,1150,1091,1120,575,545,2082,1051,1031,20545,10011,10534,19987,9716,10271,8984,4562,4422,6061,3076,2985,6613,3177,3436,5231,2412,2819,928,488,440,1228,651,577,1292,639,653,1469,761,708,1454,725,729,1635,862,773,1446,717,729,1496,743,753,1484,754,730,1506,742,764,1666,782,884,1738,833,905,1703,820,883,1455,701,754,1462,698,764,988,452,536,683,295,388,643,266,377,44,42.4,45.5
50,83,72083,Puerto Rico,Las Marías Municipio,12,7927,3919,4008,314,148,166,866,439,427,346,169,177,699,356,343,6568,3248,3320,6401,3163,3238,2850,1441,1409,1891,954,937,2086,1023,1063,1725,830,895,314,148,166,471,238,233,481,239,242,461,238,223,498,249,249,548,282,266,431,218,213,445,211,234,467,243,224,454,235,219,510,229,281,559,282,277,563,277,286,498,234,264,477,240,237,311,158,153,236,120,116,203,78,125,43.5,42.8,44.1
50,85,72085,Puerto Rico,Las Piedras Municipio,12,37007,17766,19241,1327,675,652,3685,1948,1737,1874,972,902,3387,1691,1696,31024,14640,16384,30121,14171,15950,14800,7068,7732,10031,4660,5371,9661,4511,5150,7042,3309,3733,1327,675,652,1873,982,891,2304,1221,1083,2381,1247,1134,2388,1161,1227,2486,1160,1326,2258,1037,1221,2542,1146,1396,2745,1317,1428,2545,1234,1311,2406,1120,1286,2332,1062,1270,2378,1095,1283,2133,973,1160,1944,922,1022,1320,643,677,831,403,428,814,368,446,41.7,40.9,42.4
50,87,72087,Puerto Rico,Loíza Municipio,12,24553,11400,13153,861,424,437,2634,1347,1287,1245,591,654,2245,1071,1174,20421,9331,11090,19813,9038,10775,9528,4427,5101,6354,2908,3446,6486,2946,3540,4728,2113,2615,861,424,437,1361,700,661,1589,790,799,1568,752,816,1606,767,839,1824,830,994,1574,720,854,1454,652,802,1502,706,796,1402,649,753,1555,705,850,1771,785,986,1758,807,951,1548,693,855,1187,538,649,857,390,467,552,246,306,584,246,338,41.4,40.4,42.4
50,89,72089,Puerto Rico,Luquillo Municipio,12,17665,8273,9392,605,324,281,1688,824,864,855,414,441,1728,820,908,14953,6919,8034,14517,6711,7806,6603,3065,3538,4235,1939,2296,4605,2153,2452,3949,1799,2150,605,324,281,863,417,446,1040,515,525,1136,545,591,1232,581,651,1220,604,616,941,414,527,954,428,526,1120,493,627,1170,515,655,1160,563,597,1134,532,602,1141,543,598,1042,466,576,1077,507,570,819,372,447,516,235,281,495,219,276,43.8,43.2,44.3
50,91,72091,Puerto Rico,Manatí Municipio,12,37287,17490,19797,1472,770,702,3560,1808,1752,1810,948,862,3501,1760,1741,31343,14433,16910,30445,13964,16481,13662,6580,7082,8815,4116,4699,9696,4488,5208,8433,3600,4833,1472,770,702,1896,949,947,2128,1103,1025,2356,1230,1126,2491,1234,1257,2449,1157,1292,2021,927,1094,2153,992,1161,2192,1040,1152,2316,1091,1225,2282,1071,1211,2520,1142,1378,2578,1184,1394,2398,1082,1316,2136,937,1199,1660,667,993,1150,493,657,1089,421,668,43.8,42,45.6
50,93,72093,Puerto Rico,Maricao Municipio,12,5430,2687,2743,202,99,103,525,273,252,235,124,111,462,231,231,4581,2251,2330,4468,2191,2277,1933,973,960,1297,656,641,1508,736,772,1201,568,633,202,99,103,254,130,124,332,181,151,302,152,150,334,165,169,323,161,162,315,148,167,339,176,163,320,171,149,326,164,162,364,185,179,410,194,216,408,193,215,369,165,204,278,149,129,214,94,120,150,64,86,190,96,94,44.9,43.8,45.9
50,95,72095,Puerto Rico,Maunabo Municipio,12,10321,5088,5233,328,164,164,1004,526,478,486,241,245,817,408,409,8748,4272,4476,8503,4157,4346,3481,1757,1724,2305,1165,1140,2955,1448,1507,2426,1136,1290,328,164,164,567,298,269,564,285,279,586,305,281,590,287,303,639,321,318,559,267,292,506,244,262,601,333,268,692,342,350,710,345,365,784,404,380,769,357,412,680,321,359,671,321,350,469,213,256,314,150,164,292,131,161,46.7,45.6,47.7
50,97,72097,Puerto Rico,Mayagüez Municipio,12,71530,34091,37439,2460,1256,1204,6017,3064,2953,3404,1781,1623,10991,5818,5173,61400,28876,32524,59649,27990,31659,28331,14604,13727,14749,7433,7316,16143,7474,8669,17766,7265,10501,2460,1256,1204,2959,1520,1439,3871,1972,1899,5662,2941,2721,7920,4230,3690,4229,2238,1991,3775,1922,1853,3377,1664,1713,3368,1609,1759,3516,1660,1856,3838,1767,2071,4256,1949,2307,4533,2098,2435,4318,1905,2413,4431,1877,2554,3607,1504,2103,2489,1004,1485,2921,975,1946,42.3,37.9,46.2
50,99,72099,Puerto Rico,Moca Municipio,12,34891,16975,17916,1348,687,661,3469,1765,1704,1750,884,866,3519,1733,1786,29191,14068,15123,28324,13639,14685,13753,6744,7009,8927,4354,4573,9458,4509,4949,6420,3043,3377,1348,687,661,1790,884,906,2122,1108,1014,2353,1180,1173,2473,1210,1263,2374,1184,1190,2090,1012,1078,2168,1040,1128,2295,1118,1177,2224,1092,1132,2433,1121,1312,2446,1190,1256,2355,1106,1249,2030,980,1050,1790,873,917,1247,580,667,745,366,379,608,244,364,41.6,40.8,42.3
50,101,72101,Puerto Rico,Morovis Municipio,12,30335,15060,15275,1181,619,562,3092,1562,1530,1563,799,764,3017,1503,1514,25256,12459,12797,24499,12080,12419,12177,5992,6185,8019,3910,4109,8337,4128,4209,5126,2539,2587,1181,619,562,1576,784,792,1938,998,940,1999,1035,964,2159,1047,1112,2256,1114,1142,1985,969,1016,1890,920,970,1888,907,981,1971,961,1010,2083,1007,1076,2189,1081,1108,2094,1079,1015,1656,863,793,1380,671,709,927,436,491,622,289,333,541,280,261,40.5,40.2,40.7
50,103,72103,Puerto Rico,Naguabo Municipio,12,25761,11968,13793,983,489,494,2928,1467,1461,1431,706,725,2441,1191,1250,21143,9668,11475,20419,9306,11113,10566,4868,5698,7052,3146,3906,6097,2791,3306,4829,2178,2651,983,489,494,1444,722,722,1842,920,922,1774,888,886,1740,834,906,1907,889,1018,1585,688,897,1758,774,984,1802,795,1007,1740,795,945,1490,681,809,1418,645,773,1449,670,779,1359,636,723,1337,634,703,944,437,507,601,256,345,588,215,373,39.6,38.8,40.3
50,105,72105,Puerto Rico,Naranjito Municipio,12,27349,13400,13949,1152,579,573,2694,1338,1356,1267,665,602,2510,1254,1256,22868,11159,11709,22236,10818,11418,10386,5259,5127,6925,3497,3428,7215,3501,3714,5586,2566,3020,1152,579,573,1467,729,738,1543,766,777,1671,877,794,1790,885,905,1955,1015,940,1685,851,834,1626,802,824,1659,829,830,1479,742,737,1836,892,944,2018,957,1061,1882,910,972,1652,764,888,1438,683,755,1084,502,582,714,355,359,698,262,436,42.2,41.2,43.3
50,107,72107,Puerto Rico,Orocovis Municipio,12,20220,10104,10116,908,464,444,2090,1086,1004,971,521,450,1969,1041,928,16730,8290,8440,16251,8033,8218,7678,3927,3751,4991,2502,2489,5670,2749,2921,3621,1741,1880,908,464,444,1137,583,554,1206,640,566,1263,683,580,1424,742,682,1522,775,747,1174,579,595,1174,578,596,1121,570,551,1290,615,675,1449,698,751,1510,740,770,1421,696,725,1144,566,578,956,468,488,646,314,332,402,209,193,473,184,289,41.3,40.1,42.7
50,109,72109,Puerto Rico,Patillas Municipio,12,16211,7885,8326,509,261,248,1502,768,734,751,389,362,1351,711,640,13812,6643,7169,13449,6467,6982,5525,2784,2741,3609,1784,1825,4703,2271,2432,3786,1701,2085,509,261,248,780,401,379,908,467,441,949,501,448,967,499,468,1040,536,504,844,405,439,860,415,445,865,428,437,1005,491,514,1187,564,623,1283,633,650,1228,583,645,1149,550,599,970,467,503,731,319,412,494,208,286,442,157,285,47,45.4,48.4
50,111,72111,Puerto Rico,Peñuelas Municipio,12,19249,9314,9935,927,492,435,2146,1054,1092,1019,513,506,1814,874,940,15657,7513,8144,15157,7255,7902,7357,3583,3774,4792,2318,2474,5201,2480,2721,3350,1583,1767,927,492,435,1146,581,565,1268,595,673,1321,672,649,1244,593,651,1360,683,677,1192,555,637,1133,544,589,1107,536,571,1229,605,624,1281,590,691,1380,674,706,1311,611,700,1039,505,534,930,442,488,626,289,337,382,192,190,373,155,218,40.2,39.5,40.8
50,113,72113,Puerto Rico,Ponce Municipio,12,131881,63269,68612,5355,2747,2608,12966,6624,6342,6200,3121,3079,13009,6929,6080,110448,52344,58104,107360,50777,56583,49207,25288,23919,31574,16019,15555,32703,15004,17699,30074,12825,17249,5355,2747,2608,6938,3553,3385,7604,3852,3752,8348,4283,4065,9285,4986,4299,9267,4958,4309,7658,3897,3761,7290,3600,3690,7359,3564,3795,7547,3676,3871,7810,3622,4188,8462,3726,4736,8884,3980,4904,8458,3747,4711,7825,3457,4368,5690,2487,3203,4119,1694,2425,3982,1440,2542,42.8,39.7,45.8
50,115,72115,Puerto Rico,Quebradillas Municipio,12,22918,11015,11903,819,409,410,2192,1094,1098,1141,600,541,2052,1040,1012,19336,9211,10125,18766,8912,9854,8642,4283,4359,5734,2797,2937,6143,2893,3250,4837,2182,2655,819,409,410,1171,580,591,1306,668,638,1448,735,713,1460,751,709,1580,809,771,1292,622,670,1398,653,745,1464,713,751,1454,711,743,1568,740,828,1650,766,884,1471,676,795,1387,653,734,1325,595,730,963,462,501,582,262,320,580,210,370,43.4,41.9,44.7
50,117,72117,Puerto Rico,Rincón Municipio,12,13656,6573,7083,427,215,212,1177,602,575,536,274,262,1072,530,542,11787,5614,6173,11516,5482,6034,4520,2179,2341,3044,1443,1601,3918,1947,1971,3482,1562,1920,427,215,212,604,300,304,705,370,335,726,382,344,750,354,396,716,329,387,629,291,338,772,368,404,927,455,472,934,483,451,980,495,485,995,480,515,1009,489,520,934,439,495,926,438,488,723,339,384,472,210,262,427,136,291,48.2,47.3,49.1
50,119,72119,Puerto Rico,Río Grande Municipio,12,48025,22989,25036,1644,838,806,4440,2273,2167,2362,1206,1156,4577,2368,2209,40781,19274,21507,39579,18672,20907,18525,9287,9238,12176,6023,6153,12863,5967,6896,9963,4314,5649,1644,838,806,2286,1155,1131,2744,1428,1316,3045,1545,1500,3304,1719,1585,3537,1808,1729,2806,1426,1380,2818,1371,1447,3015,1418,1597,3278,1531,1747,3394,1582,1812,3244,1490,1754,2947,1364,1583,2807,1174,1633,2834,1312,1522,2006,891,1115,1283,584,699,1033,353,680,43.1,40.8,45.1
50,121,72121,Puerto Rico,Sabana Grande Municipio,12,21712,10191,11521,815,432,383,2119,1087,1032,1020,536,484,2004,993,1011,18248,8403,9845,17758,8136,9622,7823,3812,4011,5067,2418,2649,5526,2493,3033,5161,2232,2929,815,432,383,1123,570,553,1264,652,612,1290,675,615,1466,719,747,1420,692,728,1126,536,590,1195,574,621,1326,616,710,1408,651,757,1321,625,696,1398,593,805,1399,624,775,1360,626,734,1387,600,787,1035,445,590,741,306,435,638,255,383,44.4,42,46.4
50,123,72123,Puerto Rico,Salinas Municipio,12,27128,13104,14024,1076,565,511,2852,1474,1378,1570,844,726,2541,1298,1243,22443,10674,11769,21630,10221,11409,10408,5163,5245,6663,3211,3452,6899,3273,3626,5527,2439,3088,1076,565,511,1449,735,714,1769,929,840,1951,1048,903,1794,904,890,1843,938,905,1456,671,785,1651,789,862,1713,813,900,1769,865,904,1678,798,880,1759,841,918,1693,769,924,1610,720,890,1514,700,814,1032,452,580,712,301,411,659,266,393,41.7,39.9,43.3
50,125,72125,Puerto Rico,San Germán Municipio,12,30227,14704,15523,1180,629,551,2774,1439,1335,1420,762,658,3115,1570,1545,25549,12258,13291,24853,11874,12979,10744,5433,5311,6562,3290,3272,7514,3588,3926,7662,3426,4236,1180,629,551,1500,784,716,1627,844,783,1998,1034,964,2184,1109,1075,1871,960,911,1501,761,740,1548,756,792,1642,813,829,1735,823,912,1870,932,938,1931,900,1031,1978,933,1045,1956,922,1034,1989,916,1073,1563,735,828,1114,468,646,1040,385,655,45.2,42.9,47.4
50,127,72127,Puerto Rico,San Juan Municipio,12,318441,145575,172866,12070,6173,5897,27033,13566,13467,14353,7141,7212,30376,14525,15851,272523,122433,150090,264985,118695,146290,118377,56208,62169,77065,36230,40835,82761,37802,44959,74783,30138,44645,12070,6173,5897,14245,7211,7034,16205,8043,8162,19565,9553,10012,21747,10425,11322,21582,10398,11184,18356,8743,9613,18536,8520,10016,18591,8569,10022,19298,9012,10286,20528,9585,10943,21993,9961,12032,20942,9244,11698,19609,8230,11379,17610,7421,10189,13575,5617,7958,10355,4137,6218,13634,4733,8901,44.6,42.1,46.6
50,129,72129,Puerto Rico,San Lorenzo Municipio,12,35989,17487,18502,1262,634,628,3305,1699,1606,1735,884,851,3276,1656,1620,30553,14716,15837,29687,14270,15417,13644,6697,6947,9073,4381,4692,10185,4902,5283,7153,3331,3822,1262,634,628,1690,845,845,2055,1078,977,2188,1091,1097,2383,1225,1158,2482,1193,1289,2095,1043,1052,2249,1058,1191,2247,1087,1160,2330,1156,1174,2565,1218,1347,2723,1295,1428,2567,1233,1334,2143,984,1159,1762,851,911,1401,672,729,918,413,505,929,411,518,43.5,42.6,44.4
50,131,72131,Puerto Rico,San Sebastián Municipio,12,35528,17235,18293,1242,624,618,3451,1771,1680,1614,825,789,3064,1577,1487,30002,14410,15592,29221,14015,15206,12392,6215,6177,8148,4043,4105,9443,4403,5040,8566,3992,4574,1242,624,618,1769,929,840,2116,1072,1044,2068,1062,1006,2176,1110,1066,2067,1055,1012,1827,902,925,2047,1001,1046,2207,1085,1122,2179,1041,1138,2192,1012,1180,2487,1140,1347,2585,1210,1375,2404,1149,1255,2413,1121,1292,1694,805,889,1096,511,585,959,406,553,45.5,44,47.1
50,133,72133,Puerto Rico,Santa Isabel Municipio,12,21209,10223,10986,828,411,417,2228,1120,1108,1183,603,580,2207,1150,1057,17535,8380,9155,16970,8089,8881,8843,4234,4609,5769,2642,3127,5436,2647,2789,3558,1650,1908,828,411,417,1131,572,559,1413,709,704,1504,785,719,1570,807,763,1544,714,830,1184,520,664,1373,632,741,1668,776,892,1670,823,847,1369,649,720,1247,611,636,1150,564,586,1021,503,518,1020,459,561,715,344,371,453,197,256,349,147,202,40.2,39.7,40.6
50,135,72135,Puerto Rico,Toa Alta Municipio,12,72025,34513,37512,2501,1295,1206,7315,3672,3643,3813,1954,1859,7426,3737,3689,60309,28568,31741,58396,27592,30804,30179,14754,15425,19903,9556,10347,20288,9449,10839,10779,4850,5929,2501,1295,1206,3788,1919,1869,4490,2246,2244,4989,2580,2409,5287,2618,2669,5590,2698,2892,4690,2304,2386,4542,2153,2389,5081,2401,2680,5262,2494,2768,5315,2499,2816,5288,2395,2893,4423,2061,2362,3536,1654,1882,2819,1316,1503,2046,889,1157,1310,588,722,1068,403,665,40.1,38.9,41.3
50,137,72137,Puerto Rico,Toa Baja Municipio,12,74271,34594,39677,2691,1384,1307,7077,3573,3504,3564,1774,1790,7182,3593,3589,62746,28758,33988,60939,27863,33076,29440,14318,15122,19568,9379,10189,19103,8548,10555,15086,6343,8743,2691,1384,1307,3728,1926,1802,4223,2075,2148,4846,2420,2426,5026,2519,2507,5251,2603,2648,4575,2153,2422,4912,2308,2604,4830,2315,2515,4669,2172,2497,4651,2135,2516,5142,2198,2944,4641,2043,2598,4146,1724,2422,4082,1760,2322,2925,1258,1667,2047,871,1176,1886,730,1156,42,39.8,43.9
50,139,72139,Puerto Rico,Trujillo Alto Municipio,12,63674,29853,33821,2130,1140,990,6259,3249,3010,3095,1618,1477,6022,3064,2958,53770,24692,29078,52190,23846,28344,25007,12200,12807,16652,7900,8752,16808,7609,9199,12708,5273,7435,2130,1140,990,3195,1641,1554,3826,1990,1836,4047,2116,1931,4308,2184,2124,4511,2202,2309,3765,1789,1976,4082,1861,2221,4294,2048,2246,4076,1893,2183,4457,2011,2446,4280,1903,2377,3995,1802,2193,3750,1602,2148,3272,1412,1860,2478,1052,1426,1676,643,1033,1532,564,968,42.3,40,44.4
50,141,72141,Puerto Rico,Utuado Municipio,12,27395,13256,14139,967,503,464,2703,1337,1366,1274,653,621,2346,1192,1154,23087,11088,11999,22451,10763,11688,9645,4719,4926,6351,3034,3317,7491,3620,3871,6263,2917,3346,967,503,464,1425,715,710,1604,782,822,1685,866,819,1609,819,790,1777,876,901,1535,743,792,1490,685,805,1549,730,819,1639,789,850,1848,887,961,1941,939,1002,2063,1005,1058,1849,937,912,1695,833,862,1134,527,607,717,297,420,868,323,545,45.2,44.4,45.9
50,143,72143,Puerto Rico,Vega Alta Municipio,12,36061,17332,18729,1365,691,674,3776,1921,1855,1911,975,936,3465,1755,1710,29940,14235,15705,29009,13745,15264,14230,7000,7230,9348,4510,4838,9303,4410,4893,6893,3070,3823,1365,691,674,1975,979,996,2295,1182,1113,2413,1246,1167,2469,1244,1225,2571,1276,1295,2222,1080,1142,2232,1027,1205,2323,1127,1196,2287,1102,1185,2298,1068,1230,2444,1151,1293,2274,1089,1185,1856,860,996,1846,837,1009,1380,628,752,947,404,543,864,341,523,41.1,39.7,42.3
50,145,72145,Puerto Rico,Vega Baja Municipio,12,50023,23869,26154,2009,969,1040,4599,2388,2211,2428,1251,1177,4609,2350,2259,42199,19880,22319,40987,19261,21726,18862,9287,9575,12451,6018,6433,13364,6181,7183,10563,4712,5851,2009,969,1040,2351,1194,1157,2874,1526,1348,3143,1597,1546,3268,1672,1596,3431,1727,1704,2962,1426,1536,2981,1381,1600,3077,1484,1593,3182,1521,1661,3315,1535,1780,3568,1612,1956,3299,1513,1786,2923,1356,1567,2735,1239,1496,2157,1013,1144,1433,612,821,1315,492,823,43.2,41.5,44.9
50,147,72147,Puerto Rico,Vieques Municipio,12,8386,4226,4160,331,184,147,864,402,462,347,179,168,593,296,297,7021,3552,3469,6844,3461,3383,2689,1383,1306,1828,948,880,2528,1314,1214,1895,903,992,331,184,147,485,226,259,458,216,242,421,215,206,440,220,220,472,236,236,468,233,235,426,230,196,462,249,213,540,282,258,652,340,312,649,342,307,687,350,337,530,286,244,497,235,262,398,179,219,253,132,121,217,71,146,47.4,46.9,47.8
50,149,72149,Puerto Rico,Villalba Municipio,12,21372,10316,11056,953,490,463,2229,1136,1093,1070,558,512,2224,1138,1086,17658,8427,9231,17120,8132,8988,8004,3941,4063,4973,2373,2600,5943,2809,3134,3980,1812,2168,953,490,463,1173,601,572,1319,663,656,1484,807,677,1547,761,786,1459,726,733,1162,541,621,1140,530,610,1212,576,636,1361,665,696,1404,656,748,1571,737,834,1607,751,856,1339,651,688,1133,523,610,710,317,393,452,189,263,346,132,214,41.9,40.4,43.3
50,151,72151,Puerto Rico,Yabucoa Municipio,12,32282,15588,16694,1074,548,526,3026,1585,1441,1528,775,753,2979,1473,1506,27420,13079,14341,26654,12680,13974,11566,5638,5928,7444,3584,3860,9068,4334,4734,7163,3289,3874,1074,548,526,1504,776,728,1907,1003,904,2022,1030,992,2100,1024,1076,2087,1020,1067,1681,781,900,1688,816,872,1988,967,1021,2080,1002,1078,2202,1045,1157,2479,1207,1272,2307,1080,1227,2220,1066,1154,1920,928,992,1275,594,681,795,357,438,953,344,609,45.2,44.1,46.1
50,153,72153,Puerto Rico,Yauco Municipio,12,33575,16022,17553,1192,600,592,3142,1651,1491,1516,790,726,2829,1461,1368,28449,13355,15094,27725,12981,14744,11681,5755,5926,7712,3706,4006,9382,4380,5002,7802,3434,4368,1192,600,592,1611,833,778,1907,1020,887,1945,1001,944,2024,1048,976,1978,943,1035,1808,894,914,1871,867,1004,2055,1002,1053,2167,1023,1144,2308,1040,1268,2413,1129,1284,2494,1188,1306,2255,1084,1171,2095,940,1155,1519,696,823,1018,416,602,915,298,617,46,44.1,47.8
